YEAR,MAKE,MODEL,SECTION,TITLE,DESCRIPTION,IMAGE
2020,Cadillac,XT4,PERFORMANCE,TURBOCHARGED ENGINE,"With a restless 258 lb-ft of torque and  237 hp, the turbocharged engine brings the stampede. Giddy-up.",https://www.cadillac.com/content/dam/cadillac/na/us/english/index/vehicles/2020/crossovers-suvs/xt4/large/01_images/xt4-performance-features-engine-l.jpg?imwidth=960
2020,Cadillac,XT4,PERFORMANCE,9-SPEED AUTOMATIC TRANSMISSION,The 9-speed automatic transmission helps deliver immediate power and efficient performance at a moment’s notice. Like right now.,https://www.cadillac.com/content/dam/cadillac/na/us/english/index/vehicles/2020/crossovers-suvs/xt4/large/01_images/xt4-performance-features-transmission-l.jpg?imwidth=960
2020,Cadillac,XT4,PERFORMANCE,TWIN-CLUTCH ALL-WHEEL DRIVE,"Like a beautiful symphony, the sophisticated twin-clutch AWD system orchestrates control by delivering torque to the wheels that need it most. Music to our ears.",https://www.cadillac.com/content/dam/cadillac/na/us/english/index/vehicles/2020/crossovers-suvs/xt4/large/01_images/xt4-performance-features-awd-l.jpg?imwidth=960
2020,Cadillac,XT4,PERFORMANCE,SELECTABLE DRIVE MODES,"With selectable drive modes such as Tour, Sport and Snow/Ice, the XT4 can adapt to the road like it was born to be there. Because it was.",https://www.cadillac.com/content/dam/cadillac/na/us/english/index/vehicles/2020/crossovers-suvs/xt4/large/01_images/xt4-performance-features-drive-modes-l.jpg?imwidth=960
2020,Cadillac,XT4,PERFORMANCE,ACTIVE SPORT SUSPENSION,"The available Active Sport Suspension uses Continuous Damping Real-Time Control to adjust the chassis tuning at each wheel every two milliseconds, for exceptional ride and handling. Feel that? Nope.",https://www.cadillac.com/content/dam/cadillac/na/us/english/index/vehicles/2020/crossovers-suvs/xt4/large/01_images/new/xt4-performance-features-suspension-l.jpg?imwidth=960
2020,Cadillac,XT4,INTERIOR,INTUITIVE CONTROLS,"With a tactile Rotary Infotainment Controller and an intuitive instrument panel layout, the world is in the palm of your hand. High-five to that.",https://www.cadillac.com/content/dam/cadillac/na/us/english/index/vehicles/2020/crossovers-suvs/xt4/large/01_images/xt4-interior-features-controls-l.jpg?imwidth=960
2020,Cadillac,XT4,INTERIOR,DEVICE PAIRING,Dual Bluetooth®† connectivity and NFC† “one-touch” phone pairing are like having the world’s best co-pilot. Only this one doesn’t always change the radio station.,https://www.cadillac.com/content/dam/cadillac/na/us/english/index/vehicles/2020/crossovers-suvs/xt4/large/01_images/xt4-interior-features-device-pairing-l.jpg?imwidth=960
2020,Cadillac,XT4,INTERIOR,INSPIRED STYLE,"Your road. Your style. With authentic interior decor choices and a keen attention to every last detail, the XT4 is tailored to you. And it’s a perfect fit.",https://www.cadillac.com/content/dam/cadillac/na/us/english/index/vehicles/2020/crossovers-suvs/xt4/large/01_images/xt4-interior-features-style-l.jpg?imwidth=960
2020,Cadillac,XT4,INTERIOR,FRONT LUMBAR MASSAGING SEATS,Turn every drive into a luxurious experience with available front massaging seats that include heat and ventilation. Any more luxurious and you’d need to take a spa day.,https://www.cadillac.com/content/dam/cadillac/na/us/english/index/vehicles/2020/crossovers-suvs/xt4/large/01_images/xt4-interior-features-massage-seats-l.jpg?imwidth=960
2020,Cadillac,XT4,INTERIOR,INTERIOR SPACE,"The 39.5” of segment-leading rear leg room, along with versatile cargo space behind the 60/40 folding rear seats, means there’s room for all your friends. And all their baggage.",https://www.cadillac.com/content/dam/cadillac/na/us/english/index/vehicles/2020/crossovers-suvs/xt4/large/01_images/xt4-interior-features-space-l.jpg?imwidth=960
2020,Cadillac,XT4,EXTERIOR,AVAILABLE HANDS-FREE POWER LIFTGATE,"No free hands? No problem. The available Hands-Free Power Liftgate uses a foot sensor underneath the rear of the XT4 to access the trunk with ease. Open, sesame.",https://www.cadillac.com/content/dam/cadillac/na/us/english/index/vehicles/2020/crossovers-suvs/xt4/large/01_images/xt4-exterior-features-liftgate-l.jpg?imwidth=960
2020,Cadillac,XT4,EXTERIOR,AVAILABLE ROOF RAILS,"With available roof rails that can be used to transport large gear, the XT4 is raising the level of adventure. To the roof.",https://www.cadillac.com/content/dam/cadillac/na/us/english/index/vehicles/2020/crossovers-suvs/xt4/large/01_images/xt4-exterior-features-roof-rails-l.jpg?imwidth=960
2020,Cadillac,XT4,EXTERIOR,18″ ALLOY WHEELS,Turning heads comes standard with 18” alloy wheels. Premium Luxury and Sport models offer an available 20″ of distinction of distinction.,https://www.cadillac.com/content/dam/cadillac/na/us/english/index/vehicles/2020/crossovers-suvs/xt4/large/01_images/xt4-exterior-features-wheels-l.jpg?imwidth=960
2020,Cadillac,XT4,EXTERIOR,SIGNATURE LED LIGHTING,"With signature LED lighting standard in both the front and the rear, you’ll always shine. Even in the dark.",https://www.cadillac.com/content/dam/cadillac/na/us/english/index/vehicles/2020/crossovers-suvs/xt4/large/01_images/xt4-exterior-features-LED-lighting-l.jpg?imwidth=960
2020,Cadillac,XT4,EXTERIOR,SPORT GRILLE,"Aggressively stylish, the high gloss Sport Grille breaks free from ordinary.",https://www.cadillac.com/content/dam/cadillac/na/us/english/index/vehicles/2020/crossovers-suvs/xt4/large/01_images/xt4-exterior-features-grill-l.jpg?imwidth=960
2020,Cadillac,XT4,EXTERIOR,LED TAILLAMPS,"With iconic LED Taillamps, you’ll always stand out.",https://www.cadillac.com/content/dam/cadillac/na/us/english/index/vehicles/2020/crossovers-suvs/xt4/large/01_images/xt4-exterior-features-taillamp-l.jpg?imwidth=960
2020,Cadillac,XT4,PERFORMANCE,"With a restless 258 lb-ft of torque and  237 hp, the turbocharged engine brings the stampede. Giddy-up.",The 9-speed automatic transmission helps deliver immediate power and efficient performance at a moment’s notice. Like right now.,https://www.cadillac.com/content/dam/cadillac/na/us/english/index/vehicles/2020/crossovers-suvs/xt4/medium-xs/01_images/xt4-performance-features-engine-m-s.jpg?imwidth=960
2020,Cadillac,XT4,INTERIOR,"With a tactile Rotary Infotainment Controller and an intuitive instrument panel layout, the world is in the palm of your hand. High-five to that.",Dual Bluetooth®† connectivity and NFC† “one-touch” phone pairing are like having the world’s best co-pilot. Only this one doesn’t always change the radio station.,https://www.cadillac.com/content/dam/cadillac/na/us/english/index/vehicles/2020/crossovers-suvs/xt4/medium-xs/01_images/xt4-interior-features-controls-m-s.jpg?imwidth=960
2020,Cadillac,XT4,EXTERIOR,"No free hands? No problem. The available Hands-Free Power Liftgate uses a foot sensor underneath the rear of the XT4 to access the trunk with ease. Open, sesame.","With available roof rails that can be used to transport large gear, the XT4 is raising the level of adventure. To the roof.",https://www.cadillac.com/content/dam/cadillac/na/us/english/index/vehicles/2020/crossovers-suvs/xt4/medium-xs/01_images/xt4-exterior-features-liftgate-m-s.jpg?imwidth=960
2019,Cadillac,XT4,SAFETY,PEACE OF MIND COMES STANDARD,"Eight standard airbags†, Rollover Sensing and available OnStar Automatic Airbag† Notification provide additional peace of mind.",https://www.cadillac.com/content/dam/cadillac/na/us/english/index/vehicles/2019/crossovers-suvs/xt4-crossover/features/01_images/large/safety/vehicles-xt4-features-safety-airbags-2019-l.jpg?imwidth=960
2019,Cadillac,XT4,SAFETY,ONSTAR,"Drive with added confidence knowing an OnStar Advisor is available to help 24/7. Purchase a new properly equipped Cadillac vehicle and receive 2 years of OnStar Safety & Security coverage†, a 2-year trial of navigation services†, up to 1 year†of Remote Access services†, and 3 GB or 3 months of data†, whichever comes first.",https://www.cadillac.com/content/dam/cadillac/na/us/english/index/vehicles/2019/crossovers-suvs/xt4-crossover/features/01_images/large/technology/vehicles-xt4-features-technology-onstar-l.jpg?imwidth=960
2019,Cadillac,XT4,SAFETY,GRABS YOUR ATTENTION. SUBTLY.,"The available Safety Alert Seat sends a discreet pulse to the left, right or both sides of the driver’s seat, indicating the direction of the potential danger.",https://www.cadillac.com/content/dam/cadillac/na/us/english/index/vehicles/2019/crossovers-suvs/xt4-crossover/features/01_images/large/safety/vehicles-xt4-features-safety-safety-seat-2019-l.jpg?imwidth=960
2019,Cadillac,XT4,SAFETY,GAIN PRECIOUS TIME,Available automatic braking systems can help in potential collision situations by automatically applying the brakes if the driver has not already done so.,https://www.cadillac.com/content/dam/cadillac/na/us/english/index/vehicles/2019/crossovers-suvs/xt4-crossover/features/01_images/large/safety/vehicles-xt4-features-safety-automatic-breaking-2019-l.jpg?imwidth=960
2019,Cadillac,XT4,PERFORMANCE,POWER THAT PERFORMS,An all-new turbocharged engine delivers 237 hp and 258 lb-ft of torque.,https://www.cadillac.com/content/dam/cadillac/na/us/english/index/vehicles/2019/crossovers-suvs/xt4-crossover/features/01_images/large/performance/vehicles-xt4-features-performance-engine-2019-l.jpg?imwidth=960
2019,Cadillac,XT4,PERFORMANCE,ALL ACCELERATION,"A sophisticated 9-speed automatic transmission provides both efficiency and intelligent power delivery, enhancing your drive.",https://www.cadillac.com/content/dam/cadillac/na/us/english/index/vehicles/2019/crossovers-suvs/xt4-crossover/features/01_images/large/performance/vehicles-xt4-features-performance-transmission-2019-l.jpg?imwidth=960
2019,Cadillac,XT4,PERFORMANCE,THE POWER OF CONTROL,A sophisticated twin-clutch AWD system directs power to the wheels where it’s needed for enhanced handling on your next adventure.,https://www.cadillac.com/content/dam/cadillac/na/us/english/index/vehicles/2019/crossovers-suvs/xt4-crossover/features/01_images/large/performance/vehicles-xt4-features-performance-twin-awd-2019-l.jpg?imwidth=960
2019,Cadillac,XT4,PERFORMANCE,OWN ANY KIND OF ROAD,Adapt to the road or conquer it with selectable driving modes for both AWD and FWD models.,https://www.cadillac.com/content/dam/cadillac/na/us/english/index/vehicles/2019/crossovers-suvs/xt4-crossover/features/01_images/large/performance/vehicles-xt4-features-performance-driving-modes-2019-l.jpg?imwidth=960
2019,Cadillac,XT4,EXTERIOR,SLICE THROUGH DESIGN,Striking new front and rear LED signature lighting remain distinctively Cadillac.,https://www.cadillac.com/content/dam/cadillac/na/us/english/index/vehicles/2019/crossovers-suvs/xt4-crossover/features/01_images/large/exterior/vehicles-xt4-features-exterior-head-lamps-2019-l.gif?imwidth=960
2019,Cadillac,XT4,EXTERIOR,STRIKING WHEELS,"The eye-catching XT4 comes standard with 18"" alloy wheels. Available Premium Luxury and Sport models offer 20 inches of distinction.",https://www.cadillac.com/content/dam/cadillac/na/us/english/index/vehicles/2019/crossovers-suvs/xt4-crossover/features/01_images/large/exterior/vehicles-xt4-features-exterior-wheels-2019-l.jpg?imwidth=960
2019,Cadillac,XT4,EXTERIOR,"WHEN ADVENTURE CALLS, XT4 ANSWERS","With available roof rails that can be used to support bikes and other items, an escape is a must.",https://www.cadillac.com/content/dam/cadillac/na/us/english/index/vehicles/2019/crossovers-suvs/xt4-crossover/features/01_images/large/exterior/vehicles-xt4-features-exterior-roof-rails-2019-l.jpg?imwidth=960
2019,Cadillac,XT4,INTERIOR,FIRST-CLASS COMFORT FOR ALL,A thoughtfully created interior provides segment-leading rear leg room and knee clearance for backseat passengers.,https://www.cadillac.com/content/dam/cadillac/na/us/english/index/vehicles/2019/crossovers-suvs/xt4-crossover/features/01_images/large/interior/vehicles-xt4-features-interior-rearseat-2019-l.jpg?imwidth=960
2019,Cadillac,XT4,INTERIOR,ROOM FOR POSSIBILITY,The XT4 allows for ample cargo room behind the 60/40 folding rear seats for additional versatility.,https://www.cadillac.com/content/dam/cadillac/na/us/english/index/vehicles/2019/crossovers-suvs/xt4-crossover/features/01_images/large/interior/vehicles-xt4-features-interior-cargo-2019-l.jpg?imwidth=960
2019,Cadillac,XT4,INTERIOR,PLENTY OF STORAGE SPACE,There are more than six storage areas in the front-floor console alone. There’s even a special place for your umbrella cleverly designed into the front door panels.,https://www.cadillac.com/content/dam/cadillac/na/us/english/index/vehicles/2019/crossovers-suvs/xt4-crossover/features/01_images/large/interior/vehicles-xt4-features-interior-storage-2019-l.jpg?imwidth=960
2019,Cadillac,XT4,INTERIOR,SIT BACK AND RELAX,The luxurious interior features available massaging front seats with heat and ventilation for a more relaxing drive.,https://www.cadillac.com/content/dam/cadillac/na/us/english/index/vehicles/2019/crossovers-suvs/xt4-crossover/features/01_images/large/interior/vehicles-xt4-features-interior-massage-seats-2019-l.jpg?imwidth=960
2019,Cadillac,XT4,TECHNOLOGY,ROTARY CONTROLLER,Intuitive controls let you adjust your drive with simple motions.,https://www.cadillac.com/content/dam/cadillac/na/us/english/index/vehicles/2019/crossovers-suvs/xt4-crossover/features/01_images/large/technology/vehicles-xt4-features-technology-rotary-2019-l.jpg?imwidth=960
2019,Cadillac,XT4,TECHNOLOGY,ACTIVE SPORT SUSPENSION,"The available Active Sport Suspension uses Continuous Damping Control technology to adjust the damping for each wheel every two milliseconds, helping provide a more precise and comfortable drive.",https://www.cadillac.com/content/dam/cadillac/na/us/english/index/vehicles/2019/crossovers-suvs/xt4-crossover/features/01_images/large/technology/vehicles-xt4-features-technology-active-suspension-2019-l.jpg?imwidth=960
2019,Cadillac,XT4,TECHNOLOGY,REAR CAMERA MIRROR†,"The available Rear Camera Mirror streams rear-facing video while driving that expands to provide a wider, less obstructed rear field of view than a traditional mirror. Simply touch a button to revert back to a traditional rearview mirror.",https://www.cadillac.com/content/dam/cadillac/na/us/english/index/vehicles/2019/crossovers-suvs/xt4-crossover/features/01_images/large/technology/vehicles-xt4-features-technology-rear-camera-2019-l.jpg?imwidth=960
2019,Cadillac,XT4,TECHNOLOGY,IN-CAR DELIVERY,Amazon Prime members can now take convenience one step further with free in-car delivery from Key by Amazon†. Receive your Amazon packages securely delivered right into your vehicle.,https://www.cadillac.com/content/dam/cadillac/na/us/english/index/vehicles/2019/crossovers-suvs/xt4-crossover/features/01_images/large/technology/vehicles-xt4-features-technology-in-car-delivery-2019-l.jpg?imwidth=960
2020,Cadillac,XT5,PERFORMANCE,ENGINE PERFORMANCE,"The 3.6L V6 engine, available on Premium Luxury and standard on Sport trim, is designed to stand out with 310 hp and 271 lb-ft of torque. The 2.0L engine, standard on Luxury and Premium Luxury trim, has 237 hp and 258 lb-ft of torque with innovative technologies like Active Fuel Management.",https://www.cadillac.com/content/dam/cadillac/na/us/english/index/vehicles/2020/crossovers-suvs/xt5/large/01-images/xt5-performance-features-brawn-brains-l.jpg?imwidth=960
2020,Cadillac,XT5,PERFORMANCE,9-SPEED ELECTRONIC PRECISION SHIFT,Electronic Precision Shift moves you from Park to Drive in a simple gesture. It also puts you in command of an advanced 9-speed automatic transmission that is both efficient and responsive.,https://www.cadillac.com/content/dam/cadillac/na/us/english/index/vehicles/2020/crossovers-suvs/xt5/large/01-images/xt5-performance-features-9-speeds-l.jpg?imwidth=960
2020,Cadillac,XT5,PERFORMANCE,DRIVER-SELECTABLE MODES,"Not only does the XT5 respond to changing road conditions, it adapts to you. All-Wheel Drive, with four distinct calibrations, and Front-Wheel Drive, with three distinct calibrations, support different driving dynamics. All with just the press of a button.",https://www.cadillac.com/content/dam/cadillac/na/us/english/index/vehicles/2020/crossovers-suvs/xt5/large/01-images/xt5-performance-features-selectable-modes-l.jpg?imwidth=960
2020,Cadillac,XT5,PERFORMANCE,SPORT ALL-WHEEL DRIVE,"Built exclusively for spirited driving enthusiasts; our sport trim features everything the intrepid driver could want; Electronic Precision Shift, twin-clutch Sport Control AWD and a heavy-duty cooling system.",https://www.cadillac.com/content/dam/cadillac/na/us/english/index/vehicles/2020/crossovers-suvs/xt5/large/01-images/xt5-performance-features-sport-l.jpg?imwidth=960
2020,Cadillac,XT5,PERFORMANCE,REAL-TIME DAMPING,"Every two milliseconds, available Real-Time Damping adjusts the suspension to road and driving conditions for a more calculated and comfortable ride. That’s picture perfect precision.",https://www.cadillac.com/content/dam/cadillac/na/us/english/index/vehicles/2020/crossovers-suvs/xt5/large/01-images/xt5-performance-features-damping-l.jpg?imwidth=960
2020,Cadillac,XT5,PERFORMANCE,STABILITRAK,"During low-traction conditions like rain, snow or gravel, Stabilitrak automatically applies brake pressure and reduces engine torque to keep you on your intended path.",https://www.cadillac.com/content/dam/cadillac/na/us/english/index/vehicles/2020/crossovers-suvs/xt5/large/01-images/xt5-performance-features-stabilitrak-l.jpg?imwidth=960
2020,Cadillac,XT5,INTERIOR,INTERIOR ENVIRONMENT,"An interior fit for greatness. Cadillac designers equipped the XT5 cabin with authentic materials including cut-and-sewn leather, natural woods or carbon fiber trim with Galvano accents for a strong finish.",https://www.cadillac.com/content/dam/cadillac/na/us/english/index/vehicles/2020/crossovers-suvs/xt5/large/01-images/xt5-interior-features-elevated-environment-l.jpg?imwidth=960
2020,Cadillac,XT5,INTERIOR,RECONFIGURABLE SPACE,"60/40 rear seats can be folded flat to provide up to 63 cubic feet of space.† And with split-fold functionaly, nothing gets left behind.",https://www.cadillac.com/content/dam/cadillac/na/us/english/index/vehicles/2020/crossovers-suvs/xt5/large/01-images/xt5-interior-features-space-l.jpg?imwidth=960
2020,Cadillac,XT5,INTERIOR,CADILLAC USER EXPERIENCE†,"With access to phone, radio and a library of additional apps†, the world is in the palm of your hand, at the tip of your finger and the sound of your voice. You are now arriving at your destination — the future.",https://www.cadillac.com/content/dam/cadillac/na/us/english/index/vehicles/2020/crossovers-suvs/xt5/large/01-images/xt5-interior-features-user-experience-l.jpg?imwidth=960
2020,Cadillac,XT5,INTERIOR,PHONE INTEGRATION,"Truly your co-pilot. Apple CarPlay™† and Android Auto™† compatibility means you can seamlessly access your contacts, apps, playlists and more with intelligent phone integration like never before.",https://www.cadillac.com/content/dam/cadillac/na/us/english/index/vehicles/2020/crossovers-suvs/xt5/large/01-images/xt5-interior-features-phone-integration-l.jpg?imwidth=960
2020,Cadillac,XT5,INTERIOR,ULTRAVIEW SUNROOF,The available UltraView sunroof serves you and your passengers stunning views from both the front and rear seats.,https://www.cadillac.com/content/dam/cadillac/na/us/english/index/vehicles/2020/crossovers-suvs/xt5/large/01-images/xt5-interior-features-ultraview-l.jpg?imwidth=960
2020,Cadillac,XT5,INTERIOR,HEATED STEERING WHEEL,"Turn a chilly morning commute into a comfortable drive. With the push of a button, the available heated steering wheel turns warm to the touch.",https://www.cadillac.com/content/dam/cadillac/na/us/english/index/vehicles/2020/crossovers-suvs/xt5/large/01-images/xt5-interior-features-heatedsteeringwheel-l.jpg?imwidth=960
2020,Cadillac,XT5,EXTERIOR,STYLED TO TURN HEADS,"Make an entrance. The new distinctive grille designs and finishes offer the XT5 a new face, as sharp lines and sweeping curves meet jewel-like head and taillamps for unquestionable style.",https://www.cadillac.com/content/dam/cadillac/na/us/english/index/vehicles/2020/crossovers-suvs/xt5/large/01-images/xt5-exterior-features-styled-l.jpg?imwidth=960
2020,Cadillac,XT5,EXTERIOR,VISIONARY LIGHTING,"Our jewel-like headlamps aren’t mere ornamentation. Our Standard LED headlamps feature IntelliBeam®, which automatically switches between high and low beams as vehicles approach, while cornering lamps cast light into corners as you take them.",https://www.cadillac.com/content/dam/cadillac/na/us/english/index/vehicles/2020/crossovers-suvs/xt5/large/01-images/xt5-exterior-features-visionary-lighting-l.jpg?imwidth=960
2020,Cadillac,XT5,EXTERIOR,20” ALLOY WHEELS,Available 20” alloy wheels make a statement no matter what type of road you’re taking on.,https://www.cadillac.com/content/dam/cadillac/na/us/english/index/vehicles/2020/crossovers-suvs/xt5/large/01-images/xt5-exterior-features-wheels-l.jpg?imwidth=960
2020,Cadillac,XT5,PERFORMANCE,"The 3.6L V6 engine, available on Premium Luxury and standard on Sport trim, is designed to stand out with 310 hp and 271 lb-ft of torque. The 2.0L engine, standard on Luxury and Premium Luxury trim, has 237 hp and 258 lb-ft of torque with innovative technologies like Active Fuel Management.",Electronic Precision Shift moves you from Park to Drive in a simple gesture. It also puts you in command of an advanced 9-speed automatic transmission that is both efficient and responsive.,https://www.cadillac.com/content/dam/cadillac/na/us/english/index/vehicles/2020/crossovers-suvs/xt5/medium-xs/01-images/xt5-performance-features-brawn-brains-m-s.jpg?imwidth=960
2020,Cadillac,XT5,INTERIOR,"An interior fit for greatness. Cadillac designers equipped the XT5 cabin with authentic materials including cut-and-sewn leather, natural woods or carbon fiber trim with Galvano accents for a strong finish.","60/40 rear seats can be folded flat to provide up to 63 cubic feet of space.† And with split-fold functionaly, nothing gets left behind.",https://www.cadillac.com/content/dam/cadillac/na/us/english/index/vehicles/2020/crossovers-suvs/xt5/medium-xs/01-images/xt5-interior-features-elevated-environment-m-s.jpg?imwidth=960
2020,Cadillac,XT5,EXTERIOR,"Make an entrance. The new distinctive grille designs and finishes offer the XT5 a new face, as sharp lines and sweeping curves meet jewel-like head and taillamps for unquestionable style.","Our jewel-like headlamps aren’t mere ornamentation. Our Standard LED headlamps feature IntelliBeam®, which automatically switches between high and low beams as vehicles approach, while cornering lamps cast light into corners as you take them.",https://www.cadillac.com/content/dam/cadillac/na/us/english/index/vehicles/2020/crossovers-suvs/xt5/medium-xs/01-images/xt5-exterior-features-styled-m-s.jpg?imwidth=960
2019,Cadillac,XT5,SAFETY,LANE CHANGE ALERT WITH SIDE BLIND ZONE ALERT,Available Lane Change Alert with Side Blind Zone Alert monitors your blind spots and flashes a warning when it detects vehicles hidden from view.,https://www.cadillac.com/content/dam/cadillac/na/us/english/index/vehicles/2019/crossovers-suvs/xt5-crossover/features/01_images/large/safety/vehicles-xt5-features-safety-lane-change-l.jpg?imwidth=960
2019,Cadillac,XT5,SAFETY,ONSTAR,"Drive with added confidence knowing an OnStar Advisor is available to help 24/7. Purchase a new properly equipped Cadillac vehicle and receive 2 years of OnStar Safety & Security coverage†, a 2-year trial of navigation services†, up to 1 year† of Remote Access services†, and 3 GB or 3 months of data†, whichever comes first.",https://www.cadillac.com/content/dam/cadillac/na/us/english/index/vehicles/2019/crossovers-suvs/xt5-crossover/features/01_images/large/technology/vehicles-xt5-features-technology-onstar-l.jpg?imwidth=960
2019,Cadillac,XT5,SAFETY,SURROUND VISION,"Available Surround Vision provides a bird’s-eye view of the area immediately surrounding the vehicle when in low-speed Drive or Reverse. This view, projected on the infotainment screen, helps increase your awareness when parking.",https://www.cadillac.com/content/dam/cadillac/na/us/english/index/vehicles/2019/crossovers-suvs/xt5-crossover/features/01_images/large/safety/vehicles-xt5-features-safety-surround-vision-l.jpg?imwidth=960
2019,Cadillac,XT5,SAFETY,FRONT PEDESTRIAN BRAKING,"Available Front Pedestrian Braking scans the road ahead and alerts you, or may brake automatically, when a pedestrian is detected.",https://www.cadillac.com/content/dam/cadillac/na/us/english/index/vehicles/2019/crossovers-suvs/xt5-crossover/features/01_images/large/safety/vehicles-xt5-features-safety-pedestrian-braking-l.jpg?imwidth=960
2019,Cadillac,XT5,TECHNOLOGY,CADILLAC USER EXPERIENCE†,Connects you with the world around you to make driving easier and more enjoyable.,https://www.cadillac.com/content/dam/cadillac/na/us/english/index/vehicles/2019/crossovers-suvs/xt5-crossover/features/01_images/large/technology/vehicles-xt5-features-technology-infotainment-l.jpg?imwidth=960
2019,Cadillac,XT5,TECHNOLOGY,A MORE CONNECTED DRIVE,"Cadillac user experience† with phone integration offers Apple CarPlay™† compatibility. Access Siri™, Apple Music™, contacts and more from your iPhone® with a touch of the vehicle screen.",https://www.cadillac.com/content/dam/cadillac/na/us/english/index/vehicles/2019/crossovers-suvs/xt5-crossover/features/01_images/large/technology/vehicles-xt5-features-technology-carplay-l.jpg?imwidth=960
2019,Cadillac,XT5,TECHNOLOGY,BE ENVELOPED BY PREMIUM SOUND,The available Bose14-speaker Studio Surround Sound System features 14 speakers for exceptional sound quality.,https://www.cadillac.com/content/dam/cadillac/na/us/english/index/vehicles/2019/crossovers-suvs/xt5-crossover/features/01_images/large/technology/vehicles-xt5-features-technology-bose-l.jpg?imwidth=960
2019,Cadillac,XT5,TECHNOLOGY,CONNECT TO WHAT MATTERS MOST,"Available Cadillac 4G LTE built-in Wi-Fi® hotspot† lets you connect up to 7 devices from as far as 50 feet away while the vehicle is on or in the ACC position. Includes data trial for 3 months or 3GB, whichever comes first.",https://www.cadillac.com/content/dam/cadillac/na/us/english/index/vehicles/2019/crossovers-suvs/xt5-crossover/features/01_images/large/technology/vehicles-xt5-features-technology-onstar-l.jpg?imwidth=960
2019,Cadillac,XT5,PERFORMANCE,BRAWN WITH BRAINS,"With 310 hp and 271 lb-ft of torque the 3.6L V6 engine is powerful, but that’s not the whole story. Innovative technologies like Active Fuel Management and Auto Stop/Start make it efficient, too.",https://www.cadillac.com/content/dam/cadillac/na/us/english/index/vehicles/2019/crossovers-suvs/xt5-crossover/features/01_images/large/performance/vehicles-xt5-features-performance-smart-power-l.jpg?imwidth=960
2019,Cadillac,XT5,PERFORMANCE,"8-SPEEDS, ELECTRONICALLY CONTROLLED",Electronic Precision Shift moves you from Park to Drive in a simple gesture. It also puts you in command of an advanced 8-speed automatic transmission that is both efficient and responsive.,https://www.cadillac.com/content/dam/cadillac/na/us/english/index/vehicles/2019/crossovers-suvs/xt5-crossover/features/01_images/large/performance/vehicles-xt5-features-performance-precision-shift-l.jpg?imwidth=960
2019,Cadillac,XT5,PERFORMANCE,AVAILABLE DRIVER-SELECTABLE MODES,"Three distinct driver modes give you control of the driving experience. Take control even further with available All-Wheel Drive for, confident handling across varying conditions.",https://www.cadillac.com/content/dam/cadillac/na/us/english/index/vehicles/2019/crossovers-suvs/xt5-crossover/features/01_images/large/performance/vehicles-xt5-features-performance-drive-modes-l.jpg?imwidth=960
2019,Cadillac,XT5,Technology,COMFORT IN CONTROL,"The leather-wrapped steering wheel offers power tilt, telescoping and available heating to enhance your drive.",https://www.cadillac.com/content/dam/cadillac/na/us/english/index/vehicles/2019/crossovers-suvs/xt5-crossover/features/01_images/large/interior/vehicles-xt5-features-interior-steering-wheel-l.jpg?imwidth=960
2019,Cadillac,XT5,Technology,RECONFIGURABLE SPACE,40/20/40 folding rear seats can be folded flat to reveal up to 63 cubic feet of space.†,https://www.cadillac.com/content/dam/cadillac/na/us/english/index/vehicles/2019/crossovers-suvs/xt5-crossover/features/01_images/large/interior/vehicles-xt5-features-interior-rear-seats-l.jpg?imwidth=960
2019,Cadillac,XT5,Technology,ULTRAVIEW SUNROOF,"The available UltraView® Power Sunroof spans both seating rows, providing every passenger a clear view of the sky.",https://www.cadillac.com/content/dam/cadillac/na/us/english/index/vehicles/2019/crossovers-suvs/xt5-crossover/features/01_images/large/interior/vehicles-xt5-features-interior-sunroof-l.jpg?imwidth=960
2020,Cadillac,XT5,SAFETY,FRONT PEDESTRIAN BRAKING,The Front Pedestrian Braking system alerts you via haptic seat feedback and automatically applies the brakes or enhances driver braking to reduce collision severity or even avoid detected imminent pedestrian collisions.,https://www.cadillac.com/content/dam/cadillac/na/us/english/index/vehicles/2020/crossovers-suvs/xt6/large/01_images/xt6-safety-features-front-braking-l.jpg?imwidth=960
2020,Cadillac,XT5,SAFETY,NIGHT VISION,"With available Night Vision, infrared sensors locate and notify you of potential hazards up ahead, so you can drive more confidently in the dark.",https://www.cadillac.com/content/dam/cadillac/na/us/english/index/vehicles/2020/crossovers-suvs/xt6/large/01_images/updated-images/xt6-safety-features-nightvision-l.jpg?imwidth=960
2020,Cadillac,XT5,SAFETY,LANE KEEP ASSIST,Lane Keep Assist with Lane Departure Warning can provide gentle steering wheel nudges or haptic seat feedback to help avoid unintentional lane drifting.,https://www.cadillac.com/content/dam/cadillac/na/us/english/index/vehicles/2020/crossovers-suvs/xt6/large/01_images/xt6-safety-features-lane-keep-l.jpg?imwidth=960
2020,Cadillac,XT5,SAFETY,LANE CHANGE ALERT WITH SIDE BLIND ZONE ALERT,Lane Change Alert with Side Blind Zone Alert can provide side-mirror alerts or haptic seat feedback when a moving vehicle is detected in or rapidly approaching your side blind zone.,https://www.cadillac.com/content/dam/cadillac/na/us/english/index/vehicles/2020/crossovers-suvs/xt6/large/01_images/xt6-safety-features-lane-change-l.jpg?imwidth=960
2020,Cadillac,XT5,SAFETY,FORWARD COLLISION ALERT,Forward Collision Alert can alert you via haptic seat feedback if it detects a front-end collision is imminent with a vehicle you are following. It also alerts you if you are following much too closely.,https://www.cadillac.com/content/dam/cadillac/na/us/english/index/vehicles/2020/crossovers-suvs/xt6/large/01_images/xt6-safety-features-foreward-collision-l.jpg?imwidth=960
2020,Cadillac,XT5,SAFETY,REAR CROSS TRAFFIC ALERT,Rear Cross Traffic Alert can alert you via haptic seat feedback to detected left- or right-cross traffic behind you when in Reverse.,https://www.cadillac.com/content/dam/cadillac/na/us/english/index/vehicles/2020/crossovers-suvs/xt6/large/01_images/xt6-safety-features-rear-cross-l.jpg?imwidth=960
2020,Cadillac,XT5,PERFORMANCE,3.6L V6 ENGINE,"Equipped with a powerfully advanced V6 engine, including Variable Valve Timing and Active Fuel Management, prepare to shift your expectations into high-gear.",https://www.cadillac.com/content/dam/cadillac/na/us/english/index/vehicles/2020/crossovers-suvs/xt6/large/01_images/xt6-performance-features-engine-l.jpg?imwidth=960
2020,Cadillac,XT5,PERFORMANCE,9-SPEED AUTOMATIC TRANSMISSION,The all-new 9-speed automatic transmission is optimized for efficiency and precise torque delivery so you’re the one in control.,https://www.cadillac.com/content/dam/cadillac/na/us/english/index/vehicles/2020/crossovers-suvs/xt6/large/01_images/xt6-performance-features-transmission-l.jpg?imwidth=960
2020,Cadillac,XT5,PERFORMANCE,DRIVE MODES,"Not only does the XT6 respond to changing road conditions, with unique calibrations to support different driving dynamics, it adapts to you. All with just the press of a button.",https://www.cadillac.com/content/dam/cadillac/na/us/english/index/vehicles/2020/crossovers-suvs/xt6/large/01_images/xt6-performance-features-drive-modes-l.jpg?imwidth=960
2020,Cadillac,XT5,PERFORMANCE,REFINED SUSPENSION,Suspend your suspension disbelief. The Premium Luxury trim comes with an Active Sport Chassis system that gives you a ride that’s both engaging and spirited.,https://www.cadillac.com/content/dam/cadillac/na/us/english/index/vehicles/2020/crossovers-suvs/xt6/large/01_images/xt6-performance-features-suspension-l.jpg?imwidth=960
2020,Cadillac,XT5,PERFORMANCE,SPORT CONTROL AWD,"Leave no destination out of reach. The Sport trim comes with Sport Control AWD, providing a unique calibration with active suspension and a faster steering rack for an all-around more exhilarating experience. Now get out there.",https://www.cadillac.com/content/dam/cadillac/na/us/english/index/vehicles/2020/crossovers-suvs/xt6/large/01_images/xt6-performance-features-AWD-l.jpg?imwidth=960
2020,Cadillac,XT5,PERFORMANCE,SMART TOW TRAILERING SYSTEM,"Now just about everyone and everything can come along for the ride. Tow up to 4,000 pounds† with ease using the available Smart Tow Trailering System.",https://www.cadillac.com/content/dam/cadillac/na/us/english/index/vehicles/2020/crossovers-suvs/xt6/large/01_images/xt6-performance-features-smart-tow-l.jpg?imwidth=960
2020,Cadillac,XT5,SAFETY,The Front Pedestrian Braking system alerts you via haptic seat feedback and automatically applies the brakes or enhances driver braking to reduce collision severity or even avoid detected imminent pedestrian collisions.,"With available Night Vision, infrared sensors locate and notify you of potential hazards up ahead, so you can drive more confidently in the dark.",https://www.cadillac.com/content/dam/cadillac/na/us/english/index/vehicles/2020/crossovers-suvs/xt6/medium-xs/01_images/xt6-safety-features-front-braking-m-s.jpg?imwidth=960
2020,Cadillac,XT5,PERFORMANCE,"Equipped with a powerfully advanced V6 engine, including Variable Valve Timing and Active Fuel Management, prepare to shift your expectations into high-gear.",The all-new 9-speed automatic transmission is optimized for efficiency and precise torque delivery so you’re the one in control.,https://www.cadillac.com/content/dam/cadillac/na/us/english/index/vehicles/2020/crossovers-suvs/xt6/medium-xs/01_images/xt6-performance-features-engine-m-s.jpg?imwidth=960
2020,Cadillac,ESCALADE,EXTERIOR,CUTTING-EDGE ILLUMINATION,Full LED Light Blade taillamps emit thin blades of light that give the Escalade an unmistakable signature at night.,https://www.cadillac.com/content/dam/cadillac/na/us/english/index/vehicles/2020/crossovers-suvs/escalade-esv/large/01-images/escalade-exterior-features-illumination-l.jpg?imwidth=960
2020,Cadillac,ESCALADE,EXTERIOR,AVAILABLE 22-INCH POLISHED ALLOY WHEELS,Make a statement. The 22-inch polished aluminum wheels are cast-formed to minimize weight while gaining strength and second looks.,https://www.cadillac.com/content/dam/cadillac/na/us/english/index/vehicles/2020/crossovers-suvs/escalade-esv/large/01-images/escalade-exterior-features-wheels-l.jpg?imwidth=960
2020,Cadillac,ESCALADE,EXTERIOR,AVAILABLE POWER ASSIST STEPS,Open one of the doors and the available Power Assist Steps lower to greet you.,https://www.cadillac.com/content/dam/cadillac/na/us/english/index/vehicles/2020/crossovers-suvs/escalade-esv/large/01-images/escalade-exterior-features-power-steps-l.jpg?imwidth=960
2020,Cadillac,ESCALADE,EXTERIOR,HANDS-FREE LIFTGATE,"The Hands-Free Liftgate opens and closes with a simple kicking gesture, even when your hands are full.",https://www.cadillac.com/content/dam/cadillac/na/us/english/index/vehicles/2020/crossovers-suvs/escalade-esv/large/01-images/escalade-exterior-features-liftgate-l.jpg?imwidth=960
2020,Cadillac,ESCALADE,EXTERIOR,INVISIBLE REAR WIPER,"The rear wiper conceals itself to stay protected from the elements, while preserving the rear design.",https://www.cadillac.com/content/dam/cadillac/na/us/english/index/vehicles/2020/crossovers-suvs/escalade-esv/large/01-images/escalade-exterior-features-rear-wiper-l.jpg?imwidth=960
2020,Cadillac,ESCALADE,EXTERIOR,CONCIERGE LIGHTING,"Standard Concierge Lighting includes LEDs in the door handles, side view mirrors and interior, providing clear illumination upon exit and approach.",https://www.cadillac.com/content/dam/cadillac/na/us/english/index/vehicles/2020/crossovers-suvs/escalade-esv/large/01-images/escalade-exterior-features-concierge-lighting-l.jpg?imwidth=960
2020,Cadillac,ESCALADE,SAFETY,SURROUND VISION,"Surround Vision provides a bird’s-eye view of the area immediately surrounding the vehicle when in low-speed Drive or Reverse. This view, projected onto the Cadillac user experience screen, helps increase your awareness when parking.",https://www.cadillac.com/content/dam/cadillac/na/us/english/index/vehicles/2020/crossovers-suvs/escalade-esv/large/01-images/escalade-safety-features-surround-vision-l.jpg?imwidth=960
2020,Cadillac,ESCALADE,SAFETY,ENHANCED AUTOMATIC EMERGENCY BRAKING,Enhanced Automatic Emergency Braking can automatically engage your brakes when it senses a potential front-end  collision and the driver has not already applied the brakes.,https://www.cadillac.com/content/dam/cadillac/na/us/english/index/vehicles/2020/crossovers-suvs/escalade-esv/large/01-images/escalade-safety-features-automatic-braking-l.jpg?imwidth=960
2020,Cadillac,ESCALADE,SAFETY,SAFETY ALERT SEAT,Our patented Safety Alert Seat provides you the option of getting directional seat vibrations instead of beeps for potential threat alerts.,https://www.cadillac.com/content/dam/cadillac/na/us/english/index/vehicles/2020/crossovers-suvs/escalade-esv/large/01-images/escalade-safety-features-safety-alert-seat-l.jpg?imwidth=960
2020,Cadillac,ESCALADE,SAFETY,LANE KEEP ASSIST WITH LANE DEPARTURE WARNING,Lane Keep Assist with Lane Departure Warning can provide gentle steering wheel nudges to help avoid unintentional lane drifting.,https://www.cadillac.com/content/dam/cadillac/na/us/english/index/vehicles/2020/crossovers-suvs/escalade-esv/large/01-images/escalade-safety-features-lane-keep-assist-l.jpg?imwidth=960
2020,Cadillac,ESCALADE,SAFETY,LANE CHANGE ALERT WITH SIDE BLIND ZONE ALERT,Lane Change Alert with Side Blind Zone Alert can provide side-mirror alerts when a moving vehicle is detected in or rapidly approaching your side blind zone.,https://www.cadillac.com/content/dam/cadillac/na/us/english/index/vehicles/2020/crossovers-suvs/escalade-esv/large/01-images/escalade-safety-features-lane-change-alert-l.jpg?imwidth=960
2020,Cadillac,ESCALADE,SAFETY,FORWARD COLLISION ALERT,Forward Collision Alert can alert you if it detects a front-end collision is imminent with a vehicle you are following. It also alerts you if you are following much too closely.,https://www.cadillac.com/content/dam/cadillac/na/us/english/index/vehicles/2020/crossovers-suvs/escalade-esv/large/01-images/escalade-safety-features-forward-collision-l.jpg?imwidth=960
2020,Cadillac,ESCALADE,PERFORMANCE,10-SPEED AUTOMATIC,The 10-speed automatic transmission delivers near-instantaneous shifts for smooth acceleration and optimal power in any gear.,https://www.cadillac.com/content/dam/cadillac/na/us/english/index/vehicles/2020/crossovers-suvs/escalade-esv/large/01-images/escalade-performance-features-transmission-l.jpg?imwidth=960
2020,Cadillac,ESCALADE,PERFORMANCE,INTELLIGENT PERFORMANCE,"The 420-hp 6.2L V8 engine offers technologies such as Continuous Variable Valve Timing, Direct Injection and Active Fuel Management to ensure power is harnessed efficiently.",https://www.cadillac.com/content/dam/cadillac/na/us/english/index/vehicles/2020/crossovers-suvs/escalade-esv/large/01-images/escalade-performance-features-engine-l.jpg?imwidth=960
2020,Cadillac,ESCALADE,PERFORMANCE,"READS THE ROAD 1,000 TIMES PER SECOND","Balance and control. Magnetic Ride Control reads the road up to 1,000 times per second and automatically adjusts the suspension to road conditions.",https://www.cadillac.com/content/dam/cadillac/na/us/english/index/vehicles/2020/crossovers-suvs/escalade-esv/large/01-images/escalade-performance-features-ride-control-l.jpg?imwidth=960
2020,Cadillac,ESCALADE,PERFORMANCE,4-WHEEL DRIVE,"Get power where you need it most. Effortlessly shift between 2WD, 4WD HI, 4WD LOW and AUTO to manage the road ahead.",https://www.cadillac.com/content/dam/cadillac/na/us/english/index/vehicles/2020/crossovers-suvs/escalade-esv/large/01-images/vehicles-escalade-esv-features-performance-4wd-l.jpg?imwidth=960
2020,Cadillac,ESCALADE,PERFORMANCE,STABILITRAK®,Enhanced control. StabiliTrak selectively applies braking pressure to any one of the vehicle wheel brakes to assist the driver in keeping the vehicle on the intended path.,https://www.cadillac.com/content/dam/cadillac/na/us/english/index/vehicles/2020/crossovers-suvs/escalade-esv/large/01-images/vehicles-escalade-esv-features-performance-stabilitrak-l.jpg?imwidth=960
2020,Cadillac,ESCALADE,PERFORMANCE,READY FOR THE LONG HAUL,"Pull your own weight, and then some. The standard Trailering Package provides a staggering 8300-lb trailering capacity.†",https://www.cadillac.com/content/dam/cadillac/na/us/english/index/vehicles/2020/crossovers-suvs/escalade-esv/large/01-images/escalade-performance-features-trailering-l.jpg?imwidth=960
2020,Cadillac,ESCALADE,EXTERIOR,Full LED Light Blade taillamps emit thin blades of light that give the Escalade an unmistakable signature at night.,Make a statement. The 22-inch polished aluminum wheels are cast-formed to minimize weight while gaining strength and second looks.,https://www.cadillac.com/content/dam/cadillac/na/us/english/index/vehicles/2020/crossovers-suvs/escalade-esv/medium-xs/01-images/escalade-exterior-features-illumination-m-s.jpg?imwidth=960
2020,Cadillac,ESCALADE,SAFETY,"Surround Vision provides a bird’s-eye view of the area immediately surrounding the vehicle when in low-speed Drive or Reverse. This view, projected onto the Cadillac user experience screen, helps increase your awareness when parking.",Enhanced Automatic Emergency Braking can automatically engage your brakes when it senses a potential front-end  collision and the driver has not already applied the brakes.,https://www.cadillac.com/content/dam/cadillac/na/us/english/index/vehicles/2020/crossovers-suvs/escalade-esv/medium-xs/01-images/escalade-safety-features-surround-vision-m-s.jpg?imwidth=960
2020,Cadillac,ESCALADE,PERFORMANCE,The 10-speed automatic transmission delivers near-instantaneous shifts for smooth acceleration and optimal power in any gear.,"The 420-hp 6.2L V8 engine offers technologies such as Continuous Variable Valve Timing, Direct Injection and Active Fuel Management to ensure power is harnessed efficiently.",https://www.cadillac.com/content/dam/cadillac/na/us/english/index/vehicles/2020/crossovers-suvs/escalade-esv/medium-xs/01-images/escalade-performance-features-transmission-m-s.jpg?imwidth=960
2019,Cadillac,ESCALADE,INTERIOR,MADE FOR YOUR COMFORT,"Stunning craftsmanship with equally stunning comfort, including heated and cooled front seats and heated rear outboard seats.",https://www.cadillac.com/content/dam/cadillac/na/us/english/index/vehicles/2019/crossovers-suvs/escalade-esv/features/01-images/large/interior/vehicles-escalade-esv-features-interior-comfort-l.jpg?imwidth=960
2019,Cadillac,ESCALADE,INTERIOR,EVEN MORE SPACE,"The Escalade ESV takes roominess and comfort to the next level with additional leg room, seating and larger doors to easily accommodate up to eight passengers.",https://www.cadillac.com/content/dam/cadillac/na/us/english/index/vehicles/2019/crossovers-suvs/escalade-esv/features/01-images/large/interior/vehicles-escalade-esv-features-interior-passengers-l.jpg?imwidth=960
2019,Cadillac,ESCALADE,INTERIOR,ENTERTAIN ON THE ROAD,"Second- and third-row passengers enjoy the available Rear Seat Entertainment System. 
  
 
 Blu-ray™ Playback 
 Wireless Headphones 
 HDMI/USB Ports† 
 Available Wi-Fi® Hotspot† 
 9"" diagonal screen",https://www.cadillac.com/content/dam/cadillac/na/us/english/index/vehicles/2019/crossovers-suvs/escalade-esv/features/01-images/large/interior/vehicles-escalade-esv-features-interior-rear-entertainment-l.jpg?imwidth=960
2019,Cadillac,ESCALADE,PERFORMANCE,10-SPEED AUTOMATIC,The 10-speed automatic transmission delivers near-instantaneous shifts for smooth acceleration and optimal power in any gear.,https://www.cadillac.com/content/dam/cadillac/na/us/english/index/vehicles/2019/crossovers-suvs/escalade-esv/features/01-images/large/performance/vehicles-escalade-esv-features-performance-automatic-l.jpg?imwidth=960
2019,Cadillac,ESCALADE,PERFORMANCE,INTELLIGENT PERFORMANCE,"The 420-hp 6.2L V8 engine offers technologies such as Continuous Variable Valve Timing, Direct Injection and Active Fuel Management to ensure power is harnessed efficiently.",https://www.cadillac.com/content/dam/cadillac/na/us/english/index/vehicles/2019/crossovers-suvs/escalade-esv/features/01-images/large/performance/vehicles-escalade-esv-features-performance-v8power-l.jpg?imwidth=960
2019,Cadillac,ESCALADE,PERFORMANCE,"READS THE ROAD 1,000 TIMES PER SECOND","Balance and control. Magnetic Ride Control reads the road up to 1,000 times per second and automatically adjusts the suspension to road conditions.",https://www.cadillac.com/content/dam/cadillac/na/us/english/index/vehicles/2019/crossovers-suvs/escalade-esv/features/01-images/large/performance/vehicles-escalade-esv-features-performance-ride-control-l.jpg?imwidth=960
2019,Cadillac,ESCALADE,TECHNOLOGY,TAKE THE GUESSWORK OUT OF PARKING,"Automatic Parking Assist† automatically steers your vehicle, moving at idle speed, into a detected parallel or perpendicular parking spot, while the driver brakes and selects the appropriate gear.",https://www.cadillac.com/content/dam/cadillac/na/us/english/index/vehicles/2019/crossovers-suvs/escalade-esv/features/01-images/large/technology/vehicles-escalade-esv-features-technology-parking-assist-l.jpg?imwidth=960
2019,Cadillac,ESCALADE,TECHNOLOGY,AN INNOVATIVE LOOK BACK,"The available Rear Camera Mirror† streams rear-facing video that provides a wider, less obstructed field of view than a traditional rearview mirror.",https://www.cadillac.com/content/dam/cadillac/na/us/english/index/vehicles/2019/crossovers-suvs/escalade-esv/features/01-images/large/technology/vehicles-escalade-esv-features-technology-rear-camera-l.jpg?imwidth=960
2019,Cadillac,ESCALADE,TECHNOLOGY,CADILLAC USER EXPERIENCE†,"Connects you with the world around you to make driving easier, more enjoyable and more connected.",https://www.cadillac.com/content/dam/cadillac/na/us/english/index/vehicles/2019/crossovers-suvs/escalade-esv/features/01-images/large/technology/vehicles-escalade-esv-features-technology-infotainment-l.jpg?imwidth=960
2019,Cadillac,ESCALADE,TECHNOLOGY,"YOUR PHONE, EVEN SMARTER","Cadillac user experience† with phone integration offers Apple CarPlay™† compatibility. Access Siri, Apple® Music, contacts and more from your iPhone® with a touch of the vehicle screen.",https://www.cadillac.com/content/dam/cadillac/na/us/english/index/vehicles/2019/crossovers-suvs/escalade-esv/features/01-images/large/technology/vehicles-escalade-esv-features-technology-carplay-l.jpg?imwidth=960
2019,Cadillac,ESCALADE,SAFETY,SURROUND VISION,"Surround Vision provides a bird’s-eye view of the area immediately surrounding the vehicle when in low-speed Drive or Reverse. This view, projected onto the Cadillac user experience screen, helps increase your awareness when parking.",https://www.cadillac.com/content/dam/cadillac/na/us/english/index/vehicles/2019/crossovers-suvs/escalade-esv/features/01-images/large/safety/vehicles-escalade-esv-features-safety-surround-vision-l.jpg?imwidth=960
2019,Cadillac,ESCALADE,SAFETY,LANE KEEP ASSIST WITH LANE DEPARTURE WARNING,Available Lane Keep Assist with Lane Departure Warning helps you stay in your driving lane.,https://www.cadillac.com/content/dam/cadillac/na/us/english/index/vehicles/2019/crossovers-suvs/escalade-esv/features/01-images/large/safety/vehicles-escalade-esv-features-safety-lane-keep-l.jpg?imwidth=960
2019,Cadillac,ESCALADE,SAFETY,FORWARD COLLISION ALERT,Available Forward Collision Alert monitors traffic ahead and warns you of potential hazards.,https://www.cadillac.com/content/dam/cadillac/na/us/english/index/vehicles/2019/crossovers-suvs/escalade-esv/features/01-images/large/safety/vehicles-escalade-esv-features-safety-forward-collision-l.jpg?imwidth=960
2019,Cadillac,ESCALADE,SAFETY,ADAPTIVE CRUISE CONTROL – ADVANCED,Available Adaptive Cruise Control – Advanced adjusts your vehicle speed to match surrounding traffic.,https://www.cadillac.com/content/dam/cadillac/na/us/english/index/vehicles/2019/crossovers-suvs/escalade-esv/features/01-images/large/safety/vehicles-escalade-esv-features-safety-adaptive-cruise-l.jpg?imwidth=960
2020,Cadillac,CT4,TECHNOLOGY,ADVANCED CADILLAC USER EXPERIENCE,"With the Cadillac user experience†, you’ve never had more power at the tip of your fingers and at the sound of your voice.",https://www.cadillac.com/content/dam/cadillac/na/us/english/index/vehicles/2020/sedans/ct4/large/01-images/ct4-technology-features-cadillac-user-experience-l-m.jpg?imwidth=960
2020,Cadillac,CT4,TECHNOLOGY,INTELLIGENT SYSTEMS,"The CT4 can see and help you avoid the things you may miss with available active safety features like Forward Collision Alert†, Lane Change Alert with Side Blind Zone Alert†, Rear Cross Traffic Alert† and Automatic Emergency Braking†.",https://www.cadillac.com/content/dam/cadillac/na/us/english/index/vehicles/2020/sedans/ct4/large/01-images/ct4-technology-features-intelligent-system-l-m.jpg?imwidth=960
2020,Cadillac,CT4,TECHNOLOGY,STATE-OF-THE-ART CONNECTIVITY,Download a better driving experience thanks to available embedded Wi-Fi† and the MyCadillac app†.,https://www.cadillac.com/content/dam/cadillac/na/us/english/index/vehicles/2020/sedans/ct4/large/01-images/ct4-technology-features-state-of-the-art-connectivity-l-m.jpg?imwidth=960
2020,Cadillac,CT4,INTERIOR,INTUITIVE CONTROLS,"The CT4 offers multiple ways to interact with key features, including the 8” diagonal HD color display, cloud-based natural voice recognition, steering wheel controls and the available rotary controller for a delightful experience.",https://www.cadillac.com/content/dam/cadillac/na/us/english/index/vehicles/2020/sedans/ct4/large/01-images/ct4-interior-features-intuitive-control-features-l-m.jpg?imwidth=960
2020,Cadillac,CT4,INTERIOR,DISTINCT INTERIORS,"Make your cabin match your mood with 8 distinct interior color and trim environments to choose from. High tech, high touch materials make the CT4 cockpit a respite from the ordinary.",https://www.cadillac.com/content/dam/cadillac/na/us/english/index/vehicles/2020/sedans/ct4/large/01-images/ct4-interior-features-distinct-interiors-l-m.jpg?imwidth=960
2020,Cadillac,CT4,INTERIOR,RIDER COMFORT,"Front seats are first-class with numerous available adjustments and available heat, ventilation, lumbar massage, and driver memory settings all to optimize your comfort.",https://www.cadillac.com/content/dam/cadillac/na/us/english/index/vehicles/2020/sedans/ct4/large/01-images/ct4-interior-features-rider-comfort-l-m.jpg?imwidth=960
2020,Cadillac,CT4,EXTERIOR,DISTINCT EXTERIORS,To each their own. Choose from four CT4 models that provide significant visual and feature differentiation to suit your personality.,https://www.cadillac.com/content/dam/cadillac/na/us/english/index/vehicles/2020/sedans/ct4/large/01-images/ct4-exterior-features-distinct-exteriors-l-m.jpg?imwidth=960
2020,Cadillac,CT4,EXTERIOR,WHEELS,"Optimally designed. Wheels such as the 18"" alloy in Satin Graphite premium paint finish, available on Sport and V-Series models, harmonize form and function, aesthetics and engineering.",https://www.cadillac.com/content/dam/cadillac/na/us/english/index/vehicles/2020/sedans/ct4/large/01-images/ct4-exterior-features-distinct-wheels-l-m.jpg?imwidth=960
2020,Cadillac,CT4,EXTERIOR,VEHICLE ARCHITECTURE,"Built for those that want to elevate every drive. The CT4 was designed on a global vehicle architecture delivering nimble athletic performance, making it a true driver’s car.",https://www.cadillac.com/content/dam/cadillac/na/us/english/index/vehicles/2020/sedans/ct4/large/01-images/ct4-exterior-features-vehicle-architecture-l-m.jpg?imwidth=960
2020,Cadillac,CT4,TECHNOLOGY,"With the Cadillac user experience†, you’ve never had more power at the tip of your fingers and at the sound of your voice.","The CT4 can see and help you avoid the things you may miss with available active safety features like Forward Collision Alert†, Lane Change Alert with Side Blind Zone Alert†, Rear Cross Traffic Alert† and Automatic Emergency Braking†.",https://www.cadillac.com/content/dam/cadillac/na/us/english/index/vehicles/2020/sedans/ct4/medium-xs/01-images/ct4-technology-features-cadillac-user-experience-s.jpg?imwidth=960
2020,Cadillac,CT4,INTERIOR,"The CT4 offers multiple ways to interact with key features, including the 8” diagonal HD color display, cloud-based natural voice recognition, steering wheel controls and the available rotary controller for a delightful experience.","Make your cabin match your mood with 8 distinct interior color and trim environments to choose from. High tech, high touch materials make the CT4 cockpit a respite from the ordinary.",https://www.cadillac.com/content/dam/cadillac/na/us/english/index/vehicles/2020/sedans/ct4/medium-xs/01-images/ct4-interior-features-intuitive-control-features-s.jpg?imwidth=960
2020,Cadillac,CT4,EXTERIOR,To each their own. Choose from four CT4 models that provide significant visual and feature differentiation. to suit your personality.,"Optimally designed. Wheels such as the 18"" alloy in Satin Graphite premium paint finish, available on Sport and V-Series models, harmonize form and function, aesthetics and engineering.",https://www.cadillac.com/content/dam/cadillac/na/us/english/index/vehicles/2020/sedans/ct4/medium-xs/01-images/ct4-exterior-features-distinct-exteriors-s.jpg?imwidth=960
2020,Cadillac,CT5,INTERIOR,DRIVER FOCUS,An interior intuitively designed with only one thing in mind — you.,https://www.cadillac.com/content/dam/cadillac/na/us/english/index/vehicles/2020/sedans/ct5/large/01-images/updated-images-102819/ct5-interior-features-driver-focus-l-m.jpg?imwidth=960
2020,Cadillac,CT5,INTERIOR,RIDE COMFORT,"No matter what speed you’re going, feel secure in seats designed from the road up.",https://www.cadillac.com/content/dam/cadillac/na/us/english/index/vehicles/2020/sedans/ct5/large/01-images/updated-images-102819/ct5-interior-features-ride-comfort-l-m.jpg?imwidth=960
2020,Cadillac,CT5,INTERIOR,THOUGHTFUL DESIGN,There’s no devil in these details. Only a thoughtful console layout designed to keep your focus on the road.,https://www.cadillac.com/content/dam/cadillac/na/us/english/index/vehicles/2020/sedans/ct5/large/01-images/updated-images-102819/ct5-interior-features-thoughtful-design-l-m.jpg?imwidth=960
2020,Cadillac,CT5,INTERIOR,PREMIUM MATERIALS,"Delightfully hand-crafted with premium materials, every detail has been thoughtfully obsessed over – for you.",https://www.cadillac.com/content/dam/cadillac/na/us/english/index/vehicles/2020/sedans/ct5/large/01-images/updated-images-102819/ct5-interior-features-premium-materials-l-m.jpg?imwidth=960
2020,Cadillac,CT5,INTERIOR,AMBIENT LIGHTING,Transform your evening drive with task-oriented ambient lighting.,https://www.cadillac.com/content/dam/cadillac/na/us/english/index/vehicles/2020/sedans/ct5/large/01-images/updated-images-102819/ct5-interior-features-ambient-lighting-l-m.jpg?imwidth=960
2020,Cadillac,CT5,INTERIOR,VERSATILE SPACIOUSNESS,"From the easily accessible phone storage to the expandable trunk with split-folding rear seats, you’ll find a place for everything.",https://www.cadillac.com/content/dam/cadillac/na/us/english/index/vehicles/2020/sedans/ct5/large/01-images/updated-images-102819/ct5-interior-features-versatile-spaciousness-l-m.jpg?imwidth=960
2020,Cadillac,CT5,PERFORMANCE,2.0L TURBOCHARGED 4-CYLINDER,"With power like this, spirited performance meets excellent efficiency. The twin-scroll turbocharger allows you to reach peak power quickly. Fast is at your command.",https://www.cadillac.com/content/dam/cadillac/na/us/english/index/vehicles/2020/sedans/ct5/large/01-images/updated-images-102819/ct5-performance-features-turbocharged-engine-l-m.jpg?imwidth=960
2020,Cadillac,CT5,PERFORMANCE,10-SPEED TRANSMISSION,Control power with the advanced 10-speed automatic transmission that packs the most speeds in its segment.,https://www.cadillac.com/content/dam/cadillac/na/us/english/index/vehicles/2020/sedans/ct5/large/01-images/updated-images-102819/ct5-performance-features-10-speed-transmission-l-m.jpg?imwidth=960
2020,Cadillac,CT5,PERFORMANCE,ADVANCED ACTIVE FUEL MANAGEMENT,Includes patented technology optimized for how you drive. Emphasis on you.,https://www.cadillac.com/content/dam/cadillac/na/us/english/index/vehicles/2020/sedans/ct5/large/01-images/updated-images-102819/ct5-performance-features-advanced-active-fuel-management-l-m.jpg?imwidth=960
2020,Cadillac,CT5,PERFORMANCE,RIDE AND HANDLING,"This suspension was tuned for an enhanced ride, giving equal weight to both excellent handling and a comfortable ride.",https://www.cadillac.com/content/dam/cadillac/na/us/english/index/vehicles/2020/sedans/ct5/large/01-images/updated-images-102819/ct5-performance-features-ride-handling-l-m.jpg?imwidth=960
2020,Cadillac,CT5,PERFORMANCE,SELECTABLE VEHICLE DRIVE MODES,"Pick your mode to enhance your drive, you can’t go wrong: Tour, Sport, Snow/Ice or personalize your own.",https://www.cadillac.com/content/dam/cadillac/na/us/english/index/vehicles/2020/sedans/ct5/large/01-images/updated-images-102819/ct5-performance-features-advanced-drive-select-modes-l-m.jpg?imwidth=960
2020,Cadillac,CT5,PERFORMANCE,3.0L TWIN-TURBOCHARGED V6 ENGINE,"Low-inertia twin-turbochargers quickly deliver exceptional power while advanced technologies including Active Fuel Management improve efficiency. It’s great power, responsibly.",https://www.cadillac.com/content/dam/cadillac/na/us/english/index/vehicles/2020/sedans/ct5/large/01-images/updated-images-102819/ct5-performance-features-3l-twin-turbo-v6-engine-l-m.jpg?imwidth=960
2020,Cadillac,CT5,TECHNOLOGY,ADVANCED CADILLAC USER EXPERIENCE,"With the Cadillac user experience†, you’ve never had more power at the tip of your fingers and at the sound of your voice.",https://www.cadillac.com/content/dam/cadillac/na/us/english/index/vehicles/2020/sedans/ct5/large/01-images/updated-images-102819/ct5-technology-features-advanced-cadillac-user-experience-l-m.jpg?imwidth=960
2020,Cadillac,CT5,TECHNOLOGY,SOUND-OPTIMIZED CABIN,Hear that? That’s the sound of a volume-controlled cabin for quiet serenity or easy conversation.,https://www.cadillac.com/content/dam/cadillac/na/us/english/index/vehicles/2020/sedans/ct5/large/01-images/updated-images-102819/ct5-technology-features-sound-optimized-cabin-l-m.jpg?imwidth=960
2020,Cadillac,CT5,TECHNOLOGY,DRIVER ASSISTANCE,Much better than a backseat driver. An array of  available safety and driver assistance features† help you be more aware on the road and more confident behind the wheel.,https://www.cadillac.com/content/dam/cadillac/na/us/english/index/vehicles/2020/sedans/ct5/large/01-images/updated-images-102819/ct5-technology-features-driver-assistance-l-m.jpg?imwidth=960
2020,Cadillac,CT5,TECHNOLOGY,STATE-OF-THE-ART CONNECTIVITY,Download a better driving experience thanks to available embedded Wi-Fi† and the MyCadillac app†.,https://www.cadillac.com/content/dam/cadillac/na/us/english/index/vehicles/2020/sedans/ct5/large/01-images/updated-images-102819/ct5-technology-features-uptodate-accessibility-l-m.jpg?imwidth=960
2020,Cadillac,CT5,TECHNOLOGY,WIRELESS CHARGING,"With an available pad for wireless charging†, you’ll always be charged up for the road ahead.",https://www.cadillac.com/content/dam/cadillac/na/us/english/index/vehicles/2020/sedans/ct5/large/01-images/updated-images-102819/ct5-technology-features-wireless-charging-l-m.jpg?imwidth=960
2020,Cadillac,CT5,TECHNOLOGY,NEW ELECTRICAL ARCHITECTURE,Increased computing power means faster response.,https://www.cadillac.com/content/dam/cadillac/na/us/english/index/vehicles/2020/sedans/ct5/large/01-images/updated-images-102819/ct5-technology-features-new-electrical-architecture-l-m.jpg?imwidth=960
2020,Cadillac,CT5,INTERIOR,An interior intuitively designed with only one thing in mind — you.,"No matter what speed you’re going, feel secure in seats designed from the road up.",https://www.cadillac.com/content/dam/cadillac/na/us/english/index/vehicles/2020/sedans/ct5/medium-xs/01-images/ct5-interior-features-driver-focus-s.jpg?imwidth=960
2020,Cadillac,CT5,PERFORMANCE,"With power like this, spirited performance meets excellent efficiency. The twin-scroll turbocharger allows you to reach peak power quickly. Fast is at your command.",Control power with the advanced 10-speed automatic transmission that packs the most speeds in its segment.,https://www.cadillac.com/content/dam/cadillac/na/us/english/index/vehicles/2020/sedans/ct5/medium-xs/01-images/ct5-performance-features-turbocharged-engine-s.jpg?imwidth=960
2020,Cadillac,CT5,TECHNOLOGY,"With the Cadillac user experience†, you’ve never had more power at the tip of your fingers and at the sound of your voice.",Hear that? That’s the sound of a volume-controlled cabin for quiet serenity or easy conversation.,https://www.cadillac.com/content/dam/cadillac/na/us/english/index/vehicles/2020/sedans/ct5/medium-xs/01-images/updated-images-102819/ct5-technology-features-advanced-cadillac-user-experience-s.jpg?imwidth=960
2019,Cadillac,CTS,PERFORMANCE,POWER YOU COMMAND,"With a potent 268 hp and 295 lb-ft of torque, the 2.0L Turbo engine is anything but standard. For even greater performance, the available 3.6L V6 delivers a formidable 335 hp and 285 lb-ft of torque.",https://www.cadillac.com/content/dam/cadillac/na/us/english/index/vehicles/2019/sedans/cts-sedan/features/01_images/large/performance/vehicles-cts-sedan-features-performance-engines-l.jpg?imwidth=960
2019,Cadillac,CTS,PERFORMANCE,"READS THE ROAD 1,000 TIMES PER SECOND","Balance and control. Available Magnetic Ride Control reads the road up to 1,000 times per second and automatically adjusts to road surfaces and driving styles.",https://www.cadillac.com/content/dam/cadillac/na/us/english/index/vehicles/2019/sedans/cts-sedan/features/01_images/large/performance/vehicles-cts-sedan-features-performance-magnetic-ride-l.jpg?imwidth=960
2019,Cadillac,CTS,PERFORMANCE,CONFIDENCE IN ALL CONDITIONS,"Available All-Wheel Drive with Active Torque Technology maximizes stability and handling, delivering impeccable control in less than perfect driving conditions.",https://www.cadillac.com/content/dam/cadillac/na/us/english/index/vehicles/2019/sedans/cts-sedan/features/01_images/large/performance/vehicles-cts-sedan-features-performance-awd-l.jpg?imwidth=960
2019,Cadillac,CTS,INTERIOR,AUTHENTIC MATERIALS,"Tailored with authentic materials, including real wood trim and supple available Semi-Aniline leather. Curated for style and comfort for the road ahead.",https://www.cadillac.com/content/dam/cadillac/na/us/english/index/vehicles/2019/sedans/cts-sedan/features/01_images/large/interior/vehicles-cts-sedan-features-interior-precision-tailored-l.jpg?imwidth=960
2019,Cadillac,CTS,INTERIOR,COMFORT YOUR WAY,"Available 20-way adjustable heated and ventilated front seats are sculpted for ultimate performance, and wrapped in available Semi-Aniline leather for maximum comfort.",https://www.cadillac.com/content/dam/cadillac/na/us/english/index/vehicles/2019/sedans/cts-sedan/features/01_images/large/interior/vehicles-cts-sedan-features-interior-comfort-seats-l.jpg?imwidth=960
2019,Cadillac,CTS,INTERIOR,CLIMATE TAILORED TO ALL,"Available Tri-Zone Climate Control allows the driver, front and rear passengers to adjust temperatures individually.",https://www.cadillac.com/content/dam/cadillac/na/us/english/index/vehicles/2019/sedans/cts-sedan/features/01_images/large/interior/vehicles-cts-sedan-features-interior-climate-control-l.jpg?imwidth=960
2019,Cadillac,CTS,TECHNOLOGY,CADILLAC USER EXPERIENCE†,"Connects you with the world around you to make driving easier and more enjoyable. 
 CONNECTED†  Available connectivity gives you apps, maps, weather, music and more.  PERSONALIZED  Customized, one-of-a-kind driver profiles. 
  
UP-TO-DATE Receive updates with the latest available software.",https://www.cadillac.com/content/dam/cadillac/na/us/english/index/vehicles/2019/sedans/cts-sedan/features/01_images/large/technology/vehicles-cts-sedan-features-technology-infotainment-l.jpg?imwidth=960
2019,Cadillac,CTS,TECHNOLOGY,A MORE CONNECTED DRIVE,"Cadillac user experience† with phone integration offers Apple CarPlay™† compatibility. Access siri™, Apple Music™, contacts and more from your iPhone® with a touch of the vehicle screen.",https://www.cadillac.com/content/dam/cadillac/na/us/english/index/vehicles/2019/sedans/cts-sedan/features/01_images/large/technology/vehicles-cts-sedan-features-technology-carplay-l.jpg?imwidth=960
2019,Cadillac,CTS,TECHNOLOGY,TECHNOLOGY TAILORED TO YOU,"The available Reconfigurable Display lets you customize what's displayed—speed, navigation, audio and more—on the beautiful 12.3-inch LCD display.",https://www.cadillac.com/content/dam/cadillac/na/us/english/index/vehicles/2019/sedans/cts-sedan/features/01_images/large/technology/vehicles-cts-sedan-features-technology-display-l.jpg?imwidth=960
2019,Cadillac,CTS,SAFETY,SURROUND VISION,Available Surround Vision displays a bird's eye view to help you during low-speed maneuvering.,https://www.cadillac.com/content/dam/cadillac/na/us/english/index/vehicles/2019/sedans/cts-sedan/features/01_images/large/safety/vehicles-cts-sedan-features-safety-surround-vision-l.jpg?imwidth=960
2019,Cadillac,CTS,SAFETY,FORWARD COLLISION ALERT,Available Forward Collision Alert monitors detected traffic ahead and warns you of potential hazards.,https://www.cadillac.com/content/dam/cadillac/na/us/english/index/vehicles/2019/sedans/cts-sedan/features/01_images/large/safety/vehicles-cts-sedan-features-safety-forward-collision-l.jpg?imwidth=960
2019,Cadillac,CTS,SAFETY,LANE CHANGE ALERT WITH SIDE BLIND ZONE ALERT,"Available Lane Change Alert with Side Blind Zone Alert† provides side-mirror alerts to help you avoid moving vehicles detected in, or rapidly approaching, your side blind zone during a lane-change maneuver.",https://www.cadillac.com/content/dam/cadillac/na/us/english/index/vehicles/2019/sedans/cts-sedan/features/01_images/large/safety/vehicles-cts-sedan-features-safety-lane-change-l.jpg?imwidth=960
2019,Cadillac,CTS,SAFETY,LANE KEEP ASSIST WITH LANE DEPARTURE WARNING,Available Lane Keep Assist with Lane Departure Warning† helps you stay in your driving lane by providing gentle steering wheel turns to help you avoid crashes due to unintentionally drifting out of your lane when you are not actively steering and your turn signal is not activated.,https://www.cadillac.com/content/dam/cadillac/na/us/english/index/vehicles/2019/sedans/cts-sedan/features/01_images/large/safety/vehicles-cts-sedan-features-safety-lane-keep-l.jpg?imwidth=960
2019,Cadillac,XTS,SAFETY,AUTOMATIC BRAKING,Available Low Speed Forward Automatic Braking and available Forward and Reverse Automatic Braking can engage your brakes when they sense a potential collision and you have not already applied the brakes.,https://www.cadillac.com/content/dam/cadillac/na/us/english/index/vehicles/2019/sedans/xts-sedan/features/01-images/large/safety/vehicles-xts-sedan-safety-automatic-braking-l.jpg?imwidth=960
2019,Cadillac,XTS,SAFETY,LANE KEEP ASSIST WITH LANE DEPARTURE WARNING,Available Lane Keep Assist with Lane Departure Warning helps you stay in your driving lane.,https://www.cadillac.com/content/dam/cadillac/na/us/english/index/vehicles/2019/sedans/xts-sedan/features/01-images/large/safety/vehicles-xts-sedan-safety-lane-keep-l.jpg?imwidth=960
2019,Cadillac,XTS,SAFETY,LANE CHANGE ALERT WITH SIDE BLIND ZONE ALERT,Available Lane Change Alert with Side Blind Zone Alert illuminates the side-mirror warning icons to alert you of detected rapidly approaching vehicles and vehicles in your blind spots during a lane-change maneuver.,https://www.cadillac.com/content/dam/cadillac/na/us/english/index/vehicles/2019/sedans/xts-sedan/features/01-images/large/safety/vehicles-xts-sedan-safety-lane-change-l.jpg?imwidth=960
2019,Cadillac,XTS,SAFETY,FORWARD COLLISION ALERT,"Available Forward Collision Alert monitors traffic ahead, alerting you if a potential front-end collision is imminent, while the available Following Distance Indicator shows the following time to the detected vehicle ahead in seconds.",https://www.cadillac.com/content/dam/cadillac/na/us/english/index/vehicles/2019/sedans/xts-sedan/features/01-images/large/safety/vehicles-xts-sedan-safety-forward-collision-l.jpg?imwidth=960
2019,Cadillac,XTS,TECHNOLOGY,CADILLAC USER EXPERIENCE†,"Connects you with the world around you to make driving easier and more enjoyable. 
  
CONNECTED† Available connectivity gives you apps, maps, weather, music and more. 
  
PERSONALIZED Customized, one-of-a-kind driver profiles. 
  
UP-TO-DATE Receive updates with the latest available software.",https://www.cadillac.com/content/dam/cadillac/na/us/english/index/vehicles/2019/sedans/xts-sedan/features/01-images/large/technology/vehicles-xts-sedan-technology-infotainment-l.jpg?imwidth=960
2019,Cadillac,XTS,TECHNOLOGY,A MORE CONNECTED DRIVE,"Cadillac user experience† with phone integration offers Apple CarPlay™† compatibility. Access Siri, Apple Music™, contacts and more from your iPhone® with a touch of the vehicle screen.",https://www.cadillac.com/content/dam/cadillac/na/us/english/index/vehicles/2019/sedans/xts-sedan/features/01-images/large/technology/vehicles-xts-sedan-technology-carplay2019-l.jpg?imwidth=960
2019,Cadillac,XTS,TECHNOLOGY,BE ENVELOPED BY SOUND,The available 14-speaker Bose Studio Surround Sound® system is optimized specifically for the XTS and offers exceptional audio clarity.,https://www.cadillac.com/content/dam/cadillac/na/us/english/index/vehicles/2019/sedans/xts-sedan/features/01-images/large/technology/vehicles-xts-sedan-technology-bose-l.jpg?imwidth=960
2019,Cadillac,XTS,TECHNOLOGY,CUSTOMIZE YOUR VIEW,"The available full-color reconfigurable gauge cluster and available Head-Up Display place speed, navigation, audio and phone information in the driver's clear view.",https://www.cadillac.com/content/dam/cadillac/na/us/english/index/vehicles/2019/sedans/xts-sedan/features/01-images/large/technology/vehicles-xts-sedan-technology-displays-l.jpg?imwidth=960
2019,Cadillac,XTS,PERFORMANCE,POWER YOU CAN FEEL,"The standard 304-hp 3.6L V6 engine features Direct Injection for power and efficiency. Opt for the available V-Sport Platinum 410-hp Twin Turbo 3.6L V6 and command its exhilarating performance. 
  
304-HP / 264 LB-FT 3.6L V6  410-HP / 369 LB-FT V-Sport Platinum Twin Turbo 3.6L V6",https://www.cadillac.com/content/dam/cadillac/na/us/english/index/vehicles/2019/sedans/xts-sedan/features/01-images/large/performance/vehicles-xts-sedan-performance-engine2019-l.jpg?imwidth=960
2019,Cadillac,XTS,PERFORMANCE,"READS THE ROAD 1,000 TIMES PER SECOND","Balance and control. Available Magnetic Ride Control reads the road up to 1,000 times per second and automatically adjusts to road surfaces and weather conditions.",https://www.cadillac.com/content/dam/cadillac/na/us/english/index/vehicles/2019/sedans/xts-sedan/features/01-images/large/performance/vehicles-xts-sedan-performance-magnetic-ride-control-l.jpg?imwidth=960
2019,Cadillac,XTS,PERFORMANCE,HIGHER LEVEL OF CONTROL,"Available All-Wheel Drive maximizes stability and handling, delivering impeccable control in less than perfect driving conditions.",https://www.cadillac.com/content/dam/cadillac/na/us/english/index/vehicles/2019/sedans/xts-sedan/features/01-images/large/performance/vehicles-xts-sedan-performance-allwheel-drive-l.jpg?imwidth=960
2020,Cadillac,CT6,SAFETY,SURROUND YOURSELF WITH SAFETY,"Features such as; Lane Change Alert with Side Blind Zone Alert, Forward Collision Alert, and Front Pedestrian Braking add peace of mind to every drive.",https://www.cadillac.com/content/dam/cadillac/na/us/english/index/vehicles/2020/sedans/ct6/large/01-images/ct6-safety-features-surround-yourself-with-safety-l-m.jpg?imwidth=960
2020,Cadillac,CT6,SAFETY,AUTOMATIC BRAKING,The Automatic Emergency Braking can sense imminent collisions and can automatically engage the brakes.,https://www.cadillac.com/content/dam/cadillac/na/us/english/index/vehicles/2020/sedans/ct6/large/01-images/ct6-safety-features-automatic-braking-l.jpg?imwidth=960
2020,Cadillac,CT6,SAFETY,REAR CROSS TRAFFIC ALERT,"When in reverse, Rear Cross Traffic Alert warns of oncoming cross traffic from either side of your vehicle with a visible alert and a pulse from the Safety Alert Seat.",https://www.cadillac.com/content/dam/cadillac/na/us/english/index/vehicles/2020/sedans/ct6/large/01-images/ct6-safety-features-rear-cross-traffic-alert-l-m.jpg?imwidth=960
2020,Cadillac,CT6,INTERIOR,HANDCRAFTED MATERIALS,"From the available real wood veneers to carbon fiber trim, every detail of the interior has been expertly obsessed over.",https://www.cadillac.com/content/dam/cadillac/na/us/english/index/vehicles/2020/sedans/ct6/large/01-images/ct6-interior-features-handcrafted-materials-l.jpg?imwidth=960
2020,Cadillac,CT6,INTERIOR,INDULGENT SEATING,"Platinum models serve additional comforts with both outboard heated and ventilated front and rear seats, and 15 unique massage settings up front. Even the rear seats finish first. With generous leg room, passengers have ample space to relax for hours on end.",https://www.cadillac.com/content/dam/cadillac/na/us/english/index/vehicles/2020/sedans/ct6/large/01-images/ct6-Interior-features-indulgent-seating-l.jpg?imwidth=960
2020,Cadillac,CT6,INTERIOR,BOSE PANARAY,"The 34-speaker Bose Panaray audio system, standard on Premium Luxury and Platinum, turns the CT6 into a moving symphony.",https://www.cadillac.com/content/dam/cadillac/na/us/english/index/vehicles/2020/sedans/ct6/large/01-images/ct6-interior-features-bose-panary-l-m.jpg?imwidth=960
2020,Cadillac,CT6,EXTERIOR,STRIKING EXTERIOR,"Agile and responsive, the CT6 is engineered with advanced materials to invigorate every drive. From tight cornering to open roads, every drive is exhilarating.",https://www.cadillac.com/content/dam/cadillac/na/us/english/index/vehicles/2020/sedans/ct6/large/01-images/ct6-exterior-features-striking-exterior-l-m.jpg?imwidth=960
2020,Cadillac,CT6,EXTERIOR,LIGHTWEIGHT ARCHITECTURE,"The lightweight CT6 architecture is at the core of its agile handling. With 12 new patents and an aluminum structure that weighs 220 lbs. less than steel, the CT6 has innovative bones.",https://www.cadillac.com/content/dam/cadillac/na/us/english/index/vehicles/2020/sedans/ct6/large/01-images/ct6-exterior-features-lightweight-architecture-l-m.jpg?imwidth=960
2020,Cadillac,CT6,EXTERIOR,SIGNATURE LAMPS,"Signature headlamps are a key facet of the vehicle’s silhouette. They employ bi-LED high-/low-beam projectors to help increase visibility. The taillamps mirror the front design, but present a rear exterior that is stylish and unmistakably Cadillac.",https://www.cadillac.com/content/dam/cadillac/na/us/english/index/vehicles/2020/sedans/ct6/large/01-images/ct6-exterior-features-signature-lamps-l-m.jpg?imwidth=960
2020,Cadillac,CT6,EXTERIOR,WHEELS,"Stand out from the wheels up. Our selection of 20"" wheels are standard on the Premium Luxury and Platinum model.",https://www.cadillac.com/content/dam/cadillac/na/us/english/index/vehicles/2020/sedans/ct6/large/01-images/ct6-exterior-features-wheels-l-m.jpg?imwidth=960
2020,Cadillac,CT6,SAFETY,"Features such as; Lane Change Alert with Side Blind Zone Alert, Forward Collision Alert, and Front Pedestrian Braking add peace of mind to every drive.",The Automatic Emergency Braking can sense imminent collisions and can automatically engage the brakes.,https://www.cadillac.com/content/dam/cadillac/na/us/english/index/vehicles/2020/sedans/ct6/medium-xs/01-images/ct6-safety-features-surround-yourself-with-safety-s.jpg?imwidth=960
2020,Cadillac,CT6,INTERIOR,"From the available real wood veneers to carbon fiber trim, every detail of the interior has been expertly obsessed over.","Platinum models serve additional comforts with both outboard heated and ventilated front and rear seats, and 15 unique massage settings up front. Even the rear seats finish first. With generous leg room, passengers have ample space to relax for hours on end.",https://www.cadillac.com/content/dam/cadillac/na/us/english/index/vehicles/2020/sedans/ct6/medium-xs/01-images/ct6-interior-features-handcrafted-materials-s.jpg?imwidth=960
2020,Cadillac,CT6,EXTERIOR,"Agile and responsive, the CT6 is engineered with advanced materials to invigorate every drive. From tight cornering to open roads, every drive is exhilarating.","The lightweight CT6 architecture is at the core of its agile handling. With 12 new patents and an aluminum structure that weighs 220 lbs. less than steel, the CT6 has innovative bones.",https://www.cadillac.com/content/dam/cadillac/na/us/english/index/vehicles/2020/sedans/ct6/medium-xs/01-images/ct6-exterior-features-striking-exterior-s.jpg?imwidth=960
2019,Cadillac,CT6,TECHNOLOGY,TECH TO TAKE YOUR HANDS AND BREATH AWAY,"Meet Super Cruise,† the world’s first true hands-free driver assistance feature for compatible highways. The available Super Cruise feature uses precision LiDAR mapping, a state-of-the-art Driver Attention System and a network of cameras and radar sensors to make long drives, or even your daily commute, a little easier.",https://www.cadillac.com/content/dam/cadillac/na/us/english/index/vehicles/2019/sedans/ct6-sedan/features/01-images/large/technology/vehicles-ct6-features-technology-super-cruise-2019-l.jpg?imwidth=960
2019,Cadillac,CT6,TECHNOLOGY,A MOVING ENTERTAINMENT CENTER,"The available Rear Seat Infotainment system features articulating 10"" diagonal screens and connectivity for your personal devices including streaming Wi-Fi®† for your phone, tablet or laptop, as well as HDMI and USB† ports.",https://www.cadillac.com/content/dam/cadillac/na/us/english/index/vehicles/2019/sedans/ct6-sedan/features/01-images/large/technology/vehicles-ct6-features-technology-infotainment-2019-l.jpg?imwidth=960
2019,Cadillac,CT6,TECHNOLOGY,EVERYONE IS CONNECTED,"The available 4G LTE Wi-Fi® Hotspot† allows you to connect up to seven devices at the same time, up to 50 feet away, so your passengers can check their email or watch their favorite entertainment.",https://www.cadillac.com/content/dam/cadillac/na/us/english/index/vehicles/2019/sedans/ct6-sedan/features/01-images/large/technology/vehicles-ct6-features-technology-wi-fi-2019-l.jpg?imwidth=960
2019,Cadillac,CT6,PERFORMANCE,A POWERFUL DECISION,"The CT6 is dedicated to performance with three different engine selections, each paired with a 10-speed Hydra-Matic transmission that makes shifting among gears fast, responsive and intelligent.   
 
 3.6L naturally aspirated V6 pushes 335 hp for an aggressive ride 
 3.0L Twin Turbo V6 wields 404 hp for pure exhilaration 
 4.2L Blackwing Twin Turbo V8 with 500 hp†",https://www.cadillac.com/content/dam/cadillac/na/us/english/index/vehicles/2019/sedans/ct6-sedan/features/01-images/large/performance/vehicles-ct6-features-performance-engine-2019-l.jpg?imwidth=960
2019,Cadillac,CT6,PERFORMANCE,DRIVEN BY INNOVATION,"The lightweight CT6 architecture is at the core of its agile handling. With stats such as 220 pounds saved over traditional steel construction, 62 percent aluminum structure and 12 new patents, the CT6 has innovative bones.",https://www.cadillac.com/content/dam/cadillac/na/us/english/index/vehicles/2019/sedans/ct6-sedan/features/01-images/large/performance/vehicles-ct6-features-performance-lightweight-architecture-2019-l.jpg?imwidth=960
2019,Cadillac,CT6,PERFORMANCE,MAXIMUM CAPABILITY,"With the available Active Chassis Package, every wheel drives, steers and, with Magnetic Ride Control, adjusts vertical suspension damping within milliseconds, offering you exceptional maneuverability.",https://www.cadillac.com/content/dam/cadillac/na/us/english/index/vehicles/2019/sedans/ct6-sedan/features/01-images/large/performance/vehicles-ct6-features-performance-chassis-2019-l.jpg?imwidth=960
2019,Cadillac,CT6,EXTERIOR,DESIGN YOU’RE DRIVEN TO,"Strength and style are complemented by a powerful stance and iconic vertical lighting. Lines, curves and sweeping planes seamlessly mesh.",https://www.cadillac.com/content/dam/cadillac/na/us/english/index/vehicles/2019/sedans/ct6-sedan/features/01-images/large/exterior/vehicles-ct6-features-exterior-striking-exterior-2019-l.jpg?imwidth=960
2019,Cadillac,CT6,EXTERIOR,SLICE-THROUGH LAMP DESIGN,"Signature headlamps are a key facet of the vehicle’s silhouette. They employ bi-LED high-/low-beam projectors to help increase visibility. The taillamps mirror the front design, but present a rear exterior that is stylish and unmistakably Cadillac.",https://www.cadillac.com/content/dam/cadillac/na/us/english/index/vehicles/2019/sedans/ct6-sedan/features/01-images/large/exterior/vehicles-ct6-features-exterior-headlamps-2019-l.jpg?imwidth=960
2019,Cadillac,CT6,EXTERIOR,"20"" OF DISTINCTION","Stand out from the wheels up. 20"" Ultra Bright wheels are available on the Premium Luxury and Sport models, and 20"" twin 5-spoke alloy wheels with Manoogian finish are available on the Platinum model.",https://www.cadillac.com/content/dam/cadillac/na/us/english/index/vehicles/2019/sedans/ct6-sedan/features/01-images/large/exterior/vehicles-ct6-features-exterior-wheels-2019-l.jpg?imwidth=960
2019,Cadillac,CT6,EXTERIOR,STYLED FOR ADRENALINE,"Athletic in appearance, and in action. The CT6’s unique grille, ground effects and dark trim complement its agile, sporty spirit.",https://www.cadillac.com/content/dam/cadillac/na/us/english/index/vehicles/2019/sedans/ct6-sedan/features/01-images/large/exterior/vehicles-ct6-features-exterior-sport-trim-2019-l.jpg?imwidth=960
2019,Cadillac,CT6,INTERIOR,DETAILS THAT CAPTURE ATTENTION,"The interior is packed with modern comforts, curated aesthetics and savvy controls. From its range of elegant materials and environments, such as real wood veneers or carbon fiber trim, to its superior amenities, the space inside evokes a new level of craftsmanship.",https://www.cadillac.com/content/dam/cadillac/na/us/english/index/vehicles/2019/sedans/ct6-sedan/features/01-images/large/interior/vehicles-ct6-features-interior-hand-crafted-2019-l.jpg?imwidth=960
2019,Cadillac,CT6,INTERIOR,A SEAT UNLIKE ANY OTHER,"Platinum models serve additional comforts with both heated and ventilated front and rear seats, and 15 unique massage settings up front. Even the rear seats finish first. With generous leg room, passengers have ample space to relax for hours on end.",https://www.cadillac.com/content/dam/cadillac/na/us/english/index/vehicles/2019/sedans/ct6-sedan/features/01-images/large/interior/vehicles-ct6-features-interior-seating-2019-l.jpg?imwidth=960
2019,Cadillac,CT6,INTERIOR,WHEN NO FEWER THAN 34 SPEAKERS WILL DO,The available 34-speaker Bose Panaray audio system immerses you in pure sound with innovative technologies.,https://www.cadillac.com/content/dam/cadillac/na/us/english/index/vehicles/2019/sedans/ct6-sedan/features/01-images/large/interior/vehicles-ct6-features-interior-bose-panaray-2019-l.jpg?imwidth=960
2019,Cadillac,CT6,SAFETY,SURROUND YOURSELF WITH SAFETY FEATURES,"With the Driver Awareness Package,† add peace of mind to every drive. The package includes: Safety Alert Seat, Forward Collision Alert, Following Distance Indicator, Lane Keep Assist with Lane Departure Warning, Front Pedestrian Braking, Lane Change Alert with Side Blind Zone Alert, Rear Cross Traffic Alert, Low Speed Forward Automatic Braking and heated, power-folding mirrors.",https://www.cadillac.com/content/dam/cadillac/na/us/english/index/vehicles/2019/sedans/ct6-sedan/features/01-images/large/safety/vehicles-ct6-features-safety-technology-driver-awareness-2019-l.jpg?imwidth=960
2019,Cadillac,CT6,SAFETY,GAIN PRECIOUS TIME,"Up to certain speeds, available Forward and Reverse Automatic Braking† can sense imminent forward and reverse collisions and can automatically engage the brakes, if you have not already done so, helping to reduce the severity of the collision. The system may even help avoid a collision at very low speeds.",https://www.cadillac.com/content/dam/cadillac/na/us/english/index/vehicles/2019/sedans/ct6-sedan/features/01-images/large/safety/vehicles-ct6-features-safety-technology-automatic-breaking-2019-l.jpg?imwidth=960
2019,Cadillac,CT6,SAFETY,REVERSE WITH CONFIDENCE,"When backing out of a parking space, available Rear Cross Traffic Alert warns of oncoming cross traffic from either side of your vehicle with a visible alert and a pulse from the available Safety Alert Seat.",https://www.cadillac.com/content/dam/cadillac/na/us/english/index/vehicles/2019/sedans/ct6-sedan/features/01-images/large/safety/vehicles-ct6-features-safety-technology-traffic-alert-2019-l.jpg?imwidth=960
2020,Cadillac,CT6-V,INTERIOR,CARBON FIBER ACCENTS,"The best of bold worlds, the CT6-V delivers the luxury you expect from a Cadillac with the exhilarating performance of the V-Series. Every inch of carbon fiber is a reminder that you’re experiencing the pinnacle of style and performance.",https://www.cadillac.com/content/dam/cadillac/na/us/english/index/vehicles/2020/v-series/ct6-v-sedan/large/01-images/ct6-v-interior-features-carbon-fiber-l.jpg?imwidth=960
2020,Cadillac,CT6-V,INTERIOR,CONNECTIVITY,"A rare breed, the CT6-V is both athletic and intelligent with seamless technology and an infotainment† system that connects you to your world.",https://www.cadillac.com/content/dam/cadillac/na/us/english/index/vehicles/2020/v-series/ct6-v-sedan/large/01-images/ct6-v-interior-features-connectivity-l.jpg?imwidth=960
2020,Cadillac,CT6-V,INTERIOR,PERFORMANCE GAUGES,"The performance gauge cluster with V badge and configurable displays is designed to awaken your inner race car driver. Ready, set, gone.",https://www.cadillac.com/content/dam/cadillac/na/us/english/index/vehicles/2020/v-series/ct6-v-sedan/large/01-images/ct6-v-interior-features-gauges-l.jpg?imwidth=960
2020,Cadillac,CT6-V,EXTERIOR,AGGRESSIVE DESIGN,"A bold, black mesh sport grille has been designed to make an aggressive statement on any road. The CT6-V has mechanical limited-slip rear differential to increase traction and performance for spirited and track driving.",https://www.cadillac.com/content/dam/cadillac/na/us/english/index/vehicles/2020/v-series/ct6-v-sedan/large/01-images/ct6-v-exterior-features-design-l.jpg?imwidth=960
2020,Cadillac,CT6-V,EXTERIOR,ICONIC STYLE,Strength and style are complemented by a powerful stance and iconic vertical lighting. The CT6-V is powerfully breaking free of tradtition.,https://www.cadillac.com/content/dam/cadillac/na/us/english/index/vehicles/2020/v-series/ct6-v-sedan/large/01-images/ct6-v-exterior-features-style-l.jpg?imwidth=960
2020,Cadillac,CT6-V,EXTERIOR,V-SERIES,"With the trademark V badge, the CT6-V joins the most advanced Cadillac vehicles the world has ever seen. Welcome to the V family.",https://www.cadillac.com/content/dam/cadillac/na/us/english/index/vehicles/2020/v-series/ct6-v-sedan/large/01-images/ct6-v-exterior-features-vseries-l.jpg?imwidth=960
2020,Cadillac,CT6-V,EXTERIOR,V-SERIES SPLIT 5-SPOKE ALLOY WHEEL,"Paired with summer only tires†, the V-Series Split 5-Spoke alloy wheels give you the best performance.",https://www.cadillac.com/content/dam/cadillac/na/us/english/index/vehicles/2020/v-series/ct6-v-sedan/large/01-images/ct6-v-features-spoke-alloy-wheels-l-m.jpg?imwidth=960
2020,Cadillac,CT6-V,SAFETY,SURROUND YOURSELF WITH SAFETY,"Features such as; Lane Change Alert† with Side Blind Zone Alert†, Forward Collision Alert†, and Front Pedestrian Braking† add peace of mind to every drive.",https://www.cadillac.com/content/dam/cadillac/na/us/english/index/vehicles/2020/v-series/ct6-v-sedan/large/01-images/ct6-safety-features-surround-yourself-with-safety-l-m.jpg?imwidth=960
2020,Cadillac,CT6-V,SAFETY,AUTOMATIC BRAKING,"Up to certain speeds, available Forward and Reverse Automatic Braking† can sense imminent forward and reverse collisions and can automatically engage the brakes.",https://www.cadillac.com/content/dam/cadillac/na/us/english/index/vehicles/2020/v-series/ct6-v-sedan/large/01-images/ct6-safety-features-automatic-braking-l.jpg?imwidth=960
2020,Cadillac,CT6-V,INTERIOR,"The best of bold worlds, the CT6-V delivers the luxury you expect from a Cadillac with the exhilarating performance of the V-Series. Every inch of carbon fiber is a reminder that you’re experiencing the pinnacle of style and performance.","A rare breed, the CT6-V is both athletic and intelligent with seamless technology and an infotainment† system that connects you to your world.",https://www.cadillac.com/content/dam/cadillac/na/us/english/index/vehicles/2020/v-series/ct6-v-sedan/medium/01-images/ct6-v-interior-features-carbon-fiber-m-s.jpg?imwidth=960
2020,Cadillac,CT6-V,EXTERIOR,"A bold, black mesh sport grille has been designed to make an aggressive statement on any road. The CT6-V has mechanical limited-slip rear differential to increase traction and performance for spirited and track driving.",Strength and style are complemented by a powerful stance and iconic vertical lighting. The CT6-V is powerfully breaking free of tradtition.,https://www.cadillac.com/content/dam/cadillac/na/us/english/index/vehicles/2020/v-series/ct6-v-sedan/medium/01-images/ct6-v-exterior-features-design-m-s.jpg?imwidth=960
2020,Cadillac,CT6-V,SAFETY,"Features such as; Lane Change Alert† with Side Blind Zone Alert†, Forward Collision Alert†, and Front Pedestrian Braking† add peace of mind to every drive.","Up to certain speeds, available Forward and Reverse Automatic Braking† can sense imminent forward and reverse collisions and can automatically engage the brakes.",https://www.cadillac.com/content/dam/cadillac/na/us/english/index/vehicles/2020/v-series/ct6-v-sedan/medium/01-images/ct6-safety-features-surround-yourself-with-safety-s.jpg?imwidth=960
